Round,Match,Team,Player,Handicap,H1,H2,H3,H4,H5,H6,H7,H8,H9,H10,H11,H12,H13,H14,H15,H16,H17,H18
1,1,Pines,Alex Brooks,6,3,6,3,7,5,3,5,4,7,5,2,6,5,6,5,2,6,5
1,1,Pines,Riley Foster,12,6,3,6,5,7,5,3,6,6,6,5,3,8,4,7,4,4,7
1,1,Palms,Taylor Diaz,8,6,4,5,6,3,6,3,6,6,3,5,4,7,5,3,5,4,7
1,1,Palms,Morgan Ellis,10,3,6,3,7,5,3,5,4,7,5,2,6,5,6,5,2,6,5
1,2,Pines,Jordan Hayes,9,6,5,2,7,4,6,4,3,7,4,5,5,4,6,4,5,5,4
1,2,Pines,Casey Lopez,15,5,6,5,4,7,4,6,5,5,6,4,6,7,3,7,3,7,6
1,2,Palms,Drew Keller,4,5,3,5,5,6,5,2,6,5,6,4,3,7,4,6,4,3,7
1,2,Palms,Quinn Shaw,14,7,5,3,7,5,6,5,3,8,4,6,5,5,6,5,5,6,4
2,1,Pines,Alex Brooks,6,5,3,5,5,6,5,2,6,5,6,4,3,7,4,6,4,3,7
2,1,Palms,Taylor Diaz,8,3,6,3,7,5,3,5,4,7,5,2,6,5,6,5,2,6,5
2,2,Pines,Riley Foster,12,7,5,3,7,5,6,5,3,8,4,6,5,5,6,5,5,6,4
2,2,Palms,Morgan Ellis,10,5,3,5,5,6,5,2,6,5,6,4,3,7,4,6,4,3,7
2,3,Pines,Jordan Hayes,9,4,6,4,4,6,4,5,5,4,6,3,6,6,3,6,3,6,6
2,3,Palms,Drew Keller,4,6,5,2,7,4,6,4,3,7,4,5,5,4,6,4,5,5,4
2,4,Pines,Casey Lopez,15,7,4,6,6,4,6,4,6,7,3,6,4,8,5,4,5,5,7
2,4,Palms,Quinn Shaw,14,5,6,5,4,7,4,6,5,5,6,4,6,7,3,7,3,7,6
